Year,Country,Value
1992,World,12.760721649484536
1993,World,-22.55694117647059
1994,World,-15.986588235294118
1995,World,-6.315063613231551
1996,World,-8.251323003575685
1997,World,-4.277333333333333
1998,World,0.4092121212121211
1999,World,1.9802424242424246
2000,World,5.773999999999999
2001,World,5.203827160493827
2002,World,5.295196357427433
2003,World,10.338282107574093
2004,World,11.58136186770428
2005,World,7.452073846153847
2006,World,10.359288888888889
2007,World,18.301050920910075
2008,World,31.65000747943156
2009,World,25.966031746031746
2010,World,31.73233225108225
2011,World,31.32696770662288
2012,World,44.27785258270459
2013,World,36.1550036101083
2014,World,42.93449612403101
2015,World,56.32467027027027
2016,World,63.647459954233405
2017,World,55.59897254901961
2018,World,57.4232
2019,World,63.95614301191765
2020,World,80.80081256771398
2021,World,82.61313513513512
2022,World,89.18278563656148
2023,World,84.60517297297298
2024,World,80.2616350877193
1992,United States,1.5116666666666667
1993,United States,-18.135882352941177
1994,United States,-13.522156862745097
1995,United States,-6.630000000000001
1996,United States,-6.5633333333333335
1997,United States,-2.07040404040404
1998,United States,-0.2209090909090909
1999,United States,0.657878787878788
2000,United States,4.704313725490196
2001,United States,3.808301886792453
2002,United States,7.722783018867925
2003,United States,12.314155251141553
2004,United States,13.300879629629629
2005,United States,14.991897435897437
2006,United States,18.409444444444446
2007,United States,16.804864864864864
2008,United States,25.42320987654321
2009,United States,25.15590909090909
2010,United States,17.324324324324323
2011,United States,18.124566210045664
2012,United States,35.20048309178744
2013,United States,28.448452380952382
2014,United States,36.92759259259259
2015,United States,47.05279279279279
2016,United States,52.452238095238094
2017,United States,51.7137908496732
2018,United States,61.64765765765766
2019,United States,67.7927027027027
2020,United States,68.2463963963964
2021,United States,72.95270270270271
2022,United States,75.32330316742082
2023,United States,81.84144144144143
2024,United States,75.36871345029239
1992,"China, P.R.: Mainland",24.54125
1993,"China, P.R.: Mainland",-37.52970588235294
1994,"China, P.R.: Mainland",-21.867941176470588
1995,"China, P.R.: Mainland",-27.47225806451613
1996,"China, P.R.: Mainland",-15.220882352941176
1997,"China, P.R.: Mainland",-13.105151515151514
1998,"China, P.R.: Mainland",-1.305151515151514
1999,"China, P.R.: Mainland",18.11909090909091
2000,"China, P.R.: Mainland",17.284999999999997
2001,"China, P.R.: Mainland",28.406901408450704
2002,"China, P.R.: Mainland",12.275035460992907
2003,"China, P.R.: Mainland",19.022260273972602
2004,"China, P.R.: Mainland",11.406458333333333
2005,"China, P.R.: Mainland",-13.32776923076923
2006,"China, P.R.: Mainland",22.499166666666667
2007,"China, P.R.: Mainland",12.824657534246576
2008,"China, P.R.: Mainland",46.8985046728972
2009,"China, P.R.: Mainland",35.456054421768705
2010,"China, P.R.: Mainland",43.24641891891892
2011,"China, P.R.: Mainland",32.79506849315069
2012,"China, P.R.: Mainland",65.95394160583942
2013,"China, P.R.: Mainland",43.40720720720721
2014,"China, P.R.: Mainland",45.95027397260274
2015,"China, P.R.: Mainland",35.57081081081081
2016,"China, P.R.: Mainland",59.02388489208633
2017,"China, P.R.: Mainland",55.21617647058824
2018,"China, P.R.: Mainland",50.76445945945946
2019,"China, P.R.: Mainland",63.87797297297298
2020,"China, P.R.: Mainland",80.15040540540541
2021,"China, P.R.: Mainland",87.09027027027028
2022,"China, P.R.: Mainland",101.67285714285714
2023,"China, P.R.: Mainland",85.95175675675677
2024,"China, P.R.: Mainland",76.31087719298246
1992,India,1.3243750000000003
1993,India,-10.998970588235293
1994,India,-21.141617647058823
1995,India,-1.2962992125984256
1996,India,-0.22834586466165413
1997,India,-24.603181818181817
1998,India,-5.157727272727272
1999,India,-6.91909090909091
2000,India,4.260588235294117
2001,India,2.085384615384615
2002,India,-5.664642857142858
2003,India,5.744123711340206
2004,India,4.189372822299651
2005,India,12.73223076923077
2006,India,2.453472222222222
2007,India,8.454054054054055
2008,India,37.444084507042255
2009,India,31.54794520547945
2010,India,47.66945945945946
2011,India,40.38068493150685
2012,India,50.49369565217391
2013,India,60.145022421524665
2014,India,45.10125
2015,India,60.44027027027027
2016,India,84.79939285714286
2017,India,56.77720588235294
2018,India,51.58736486486487
2019,India,49.762364864864864
2020,India,83.20095238095239
2021,India,102.6806418918919
2022,India,93.0048813559322
2023,India,61.67152027027027
2024,India,86.72947368421052
1992,Philippines,12.34125
1993,Philippines,-29.926764705882352
1994,Philippines,-24.581176470588236
1995,Philippines,-17.181935483870966
1996,Philippines,-8.875294117647059
1997,Philippines,-8.874848484848485
1998,Philippines,-11.18090909090909
1999,Philippines,7.878181818181819
2000,Philippines,11.843823529411765
2001,Philippines,19.294722222222223
2002,Philippines,9.410714285714286
2003,Philippines,14.776164383561644
2004,Philippines,8.214583333333332
2005,Philippines,-1.6195384615384616
2006,Philippines,18.280555555555555
2007,Philippines,14.414864864864866
2008,Philippines,39.45457943925234
2009,Philippines,36.79292517006803
2010,Philippines,42.777027027027025
2011,Philippines,38.24383561643835
2012,Philippines,52.20434782608695
2013,Philippines,50.95267857142857
2014,Philippines,43.09444444444445
2015,Philippines,41.26486486486486
2016,Philippines,49.57521428571428
2017,Philippines,62.03696078431373
2018,Philippines,54.56716216216216
2019,Philippines,60.32662162162162
2020,Philippines,71.45513513513514
2021,Philippines,79.7743918918919
2022,Philippines,94.59195945945946
2023,Philippines,85.9797972972973
2024,Philippines,72.43254385964912
1992,Indonesia,-8.84625
1993,Indonesia,-18.55323529411765
1994,Indonesia,-14.003235294117648
1995,Indonesia,-9.194032258064516
1996,Indonesia,-6.184117647058824
1997,Indonesia,-1.0301515151515153
1998,Indonesia,-3.3877272727272727
1999,Indonesia,-4.777121212121212
2000,Indonesia,-0.49294117647058827
2001,Indonesia,5.1278873239436615
2002,Indonesia,8.34177304964539
2003,Indonesia,12.878356164383561
2004,Indonesia,14.648402777777777
2005,Indonesia,17.99523076923077
2006,Indonesia,19.878611111111113
2007,Indonesia,18.875945945945944
2008,Indonesia,21.953518518518518
2009,Indonesia,25.613333333333333
2010,Indonesia,24.16216216216216
2011,Indonesia,23.655753424657533
2012,Indonesia,34.23550724637681
2013,Indonesia,34.72517857142857
2014,Indonesia,40.18111111111111
2015,Indonesia,49.22
2016,Indonesia,52.71385714285714
2017,Indonesia,53.893137254901966
2018,Indonesia,59.46405405405405
2019,Indonesia,66.28837837837838
2020,Indonesia,65.68148648648649
2021,Indonesia,70.98925675675676
2022,Indonesia,70.82236486486485
2023,Indonesia,79.38182432432433
2024,Indonesia,76.1671052631579
1992,Bangladesh,1.7850000000000001
1993,Bangladesh,-9.998823529411764
1994,Bangladesh,-20.913529411764703
1995,Bangladesh,1.1881249999999994
1996,Bangladesh,3.649393939393939
1997,Bangladesh,-26.82939393939394
1998,Bangladesh,-10.547575757575757
1999,Bangladesh,-5.529393939393939
2000,Bangladesh,11.865882352941176
2001,Bangladesh,2.2127777777777777
2002,Bangladesh,-7.398571428571429
2003,Bangladesh,1.052465753424657
2004,Bangladesh,4.176666666666666
2005,Bangladesh,17.85615384615385
2006,Bangladesh,-0.6816666666666664
2007,Bangladesh,-4.406216216216217
2008,Bangladesh,37.703962264150945
2009,Bangladesh,26.17833333333333
2010,Bangladesh,51.692702702702704
2011,Bangladesh,48.35958904109589
2012,Bangladesh,45.38855072463768
2013,Bangladesh,62.16571428571429
2014,Bangladesh,43.78388888888889
2015,Bangladesh,65.54837837837837
2016,Bangladesh,99.03257142857143
2017,Bangladesh,61.88607843137255
2018,Bangladesh,48.19756756756757
2019,Bangladesh,45.843513513513514
2020,Bangladesh,86.83297297297298
2021,Bangladesh,127.08635135135134
2022,Bangladesh,104.77753424657534
2023,Bangladesh,51.94175675675676
2024,Bangladesh,72.97701754385965
1992,Vietnam,12.34125
1993,Vietnam,-29.926764705882352
1994,Vietnam,-24.581176470588236
1995,Vietnam,-17.181935483870966
1996,Vietnam,-8.875294117647059
1997,Vietnam,-8.874848484848485
1998,Vietnam,-11.18090909090909
1999,Vietnam,7.878181818181819
2000,Vietnam,11.843823529411765
2001,Vietnam,19.294722222222223
2002,Vietnam,9.410714285714286
2003,Vietnam,14.776164383561644
2004,Vietnam,8.214583333333332
2005,Vietnam,-1.6195384615384616
2006,Vietnam,18.280555555555555
2007,Vietnam,14.414864864864866
2008,Vietnam,39.45457943925234
2009,Vietnam,36.79292517006803
2010,Vietnam,42.777027027027025
2011,Vietnam,38.24383561643835
2012,Vietnam,52.20434782608695
2013,Vietnam,50.95267857142857
2014,Vietnam,43.09444444444445
2015,Vietnam,41.26486486486486
2016,Vietnam,49.57521428571428
2017,Vietnam,62.03696078431373
2018,Vietnam,54.56716216216216
2019,Vietnam,60.32662162162162
2020,Vietnam,71.45513513513514
2021,Vietnam,79.7743918918919
2022,Vietnam,94.59195945945946
2023,Vietnam,85.9797972972973
2024,Vietnam,72.43254385964912
1992,Mexico,14.859166666666667
1993,Mexico,-13.265098039215687
1994,Mexico,-8.106274509803923
1995,Mexico,-5.2635106382978725
1996,Mexico,-18.563168316831682
1997,Mexico,-5.853838383838384
1998,Mexico,-5.362929292929293
1999,Mexico,-0.1326262626262626
2000,Mexico,-4.057254901960785
2001,Mexico,5.554392523364487
2002,Mexico,18.741563981042653
2003,Mexico,25.648858447488585
2004,Mexico,12.639861111111111
2005,Mexico,14.279384615384615
2006,Mexico,8.943333333333333
2007,Mexico,19.89333333333333
2008,Mexico,30.482236024844724
2009,Mexico,23.721232876712328
2010,Mexico,18.885113122171944
2011,Mexico,18.6985
2012,Mexico,44.78951690821256
2013,Mexico,31.524550898203596
2014,Mexico,50.65550458715596
2015,Mexico,69.48711711711711
2016,Mexico,76.25495238095237
2017,Mexico,56.1259477124183
2018,Mexico,65.2263963963964
2019,Mexico,85.77414414414415
2020,Mexico,85.13576576576577
2021,Mexico,79.72045045045044
2022,Mexico,96.72999999999999
2023,Mexico,104.94927927927928
2024,Mexico,84.88450292397661
1992,Japan,7.162500000000001
1993,Japan,-24.23235294117647
1994,Japan,-11.999019607843138
1995,Japan,-7.065578947368421
1996,Japan,-5.7897
1997,Japan,5.824242424242424
1998,Japan,-1.039393939393939
1999,Japan,4.05050505050505
2000,Japan,5.132352941176471
2001,Japan,2.899074074074074
2002,Japan,9.450238095238095
2003,Japan,10.401232876712328
2004,Japan,19.002175925925926
2005,Japan,5.585487179487179
2006,Japan,7.34037037037037
2007,Japan,14.95108108108108
2008,Japan,18.421687499999997
2009,Japan,18.988394495412845
2010,Japan,24.615270270270273
2011,Japan,14.730045662100457
2012,Japan,35.43062801932367
2013,Japan,21.13443113772455
2014,Japan,45.45611111111111
2015,Japan,48.05963963963964
2016,Japan,67.07671428571429
2017,Japan,55.66372549019607
2018,Japan,51.500990990990985
2019,Japan,61.88297297297297
2020,Japan,67.31432432432433
2021,Japan,72.59675675675676
2022,Japan,75.19636363636364
2023,Japan,80.4409009009009
2024,Japan,71.79175438596491
1992,Brazil,-7.2975
1993,Brazil,-18.451176470588237
1994,Brazil,-14.959999999999999
1995,Brazil,-8.19225806451613
1996,Brazil,-7.121764705882353
1997,Brazil,-4.366060606060605
1998,Brazil,0.5096969696969698
1999,Brazil,-3.2175757575757578
2000,Brazil,-1.8011764705882352
2001,Brazil,3.1085714285714285
2002,Brazil,5.328732394366197
2003,Brazil,15.70931506849315
2004,Brazil,14.613055555555556
2005,Brazil,18.550153846153847
2006,Brazil,20.311666666666667
2007,Brazil,19.703783783783784
2008,Brazil,23.78148148148148
2009,Brazil,27.056891891891894
2010,Brazil,28.337972972972977
2011,Brazil,28.06287671232877
2012,Brazil,35.75811594202899
2013,Brazil,36.86875
2014,Brazil,38.91833333333333
2015,Brazil,47.034324324324324
2016,Brazil,50.028285714285715
2017,Brazil,54.54764705882353
2018,Brazil,60.33216216216216
2019,Brazil,68.90783783783785
2020,Brazil,67.31324324324325
2021,Brazil,73.43216216216216
2022,Brazil,73.35783783783783
2023,Brazil,81.25513513513513
2024,Brazil,77.48087719298245
1992,Australia,-16.93583333333333
1993,Australia,-19.59686274509804
1994,Australia,-15.398823529411766
1995,Australia,-10.672258064516129
1996,Australia,-7.998823529411765
1997,Australia,-1.2076767676767677
1998,Australia,-1.749090909090909
1999,Australia,-3.9652525252525255
2000,Australia,0.13843137254901952
2001,Australia,6.537777777777778
2002,Australia,7.744523809523809
2003,Australia,8.89310502283105
2004,Australia,12.09912037037037
2005,Australia,15.044871794871796
2006,Australia,18.73037037037037
2007,Australia,19.950540540540544
2008,Australia,22.86777777777778
2009,Australia,25.152805429864255
2010,Australia,28.992837837837836
2011,Australia,27.69077625570776
2012,Australia,37.674202898550725
2013,Australia,40.773630952380955
2014,Australia,42.842592592592595
2015,Australia,52.663963963963965
2016,Australia,51.208238095238094
2017,Australia,54.85601307189542
2018,Australia,55.38891891891892
2019,Australia,62.43846846846847
2020,Australia,63.68396396396396
2021,Australia,66.23959459459459
2022,Australia,70.81662162162162
2023,Australia,77.20220720720721
2024,Australia,81.21883040935673
1992,France,21.851666666666663
1993,France,-20.444901960784314
1994,France,-15.544901960784314
1995,France,-4.9766315789473685
1996,France,-9.6052
1997,France,5.067070707070708
1998,France,3.6185858585858592
1999,France,-0.6713131313131312
2000,France,-2.6331372549019605
2001,France,4.062075471698114
2002,France,10.628537735849056
2003,France,20.116392694063926
2004,France,14.468101851851852
2005,France,9.212564102564103
2006,France,16.41
2007,France,20.25054054054054
2008,France,23.8074375
2009,France,18.509681818181818
2010,France,29.34647058823529
2011,France,26.68672727272727
2012,France,25.99028985507246
2013,France,21.64269461077844
2014,France,32.150370370370375
2015,France,41.946216216216214
2016,France,52.97071428571429
2017,France,48.6159477124183
2018,France,58.78270270270271
2019,France,63.18810810810811
2020,France,74.1472072072072
2021,France,68.71297297297298
2022,France,81.0845909090909
2023,France,90.98414414414414
2024,France,85.33175438596491
1992,Pakistan,-27.8
1993,Pakistan,-1.7735294117647065
1994,Pakistan,-1.0
1995,Pakistan,3.8375000000000004
1996,Pakistan,-6.553030303030303
1997,Pakistan,11.501515151515152
1998,Pakistan,3.550000000000001
1999,Pakistan,-28.686363636363637
2000,Pakistan,-19.738235294117647
2001,Pakistan,-22.166666666666668
2002,Pakistan,-8.410714285714286
2003,Pakistan,7.326575342465754
2004,Pakistan,1.55125
2005,Pakistan,15.431384615384616
2006,Pakistan,10.472777777777777
2007,Pakistan,19.03891891891892
2008,Pakistan,18.48075471698113
2009,Pakistan,36.31767123287671
2010,Pakistan,34.22581081081081
2011,Pakistan,36.79164383561644
2012,Pakistan,46.41608695652174
2013,Pakistan,59.574107142857144
2014,Pakistan,47.596111111111114
2015,Pakistan,76.09108108108107
2016,Pakistan,76.02228571428572
2017,Pakistan,66.08921568627451
2018,Pakistan,47.046216216216216
2019,Pakistan,81.71108108108108
2020,Pakistan,94.85972972972972
2021,Pakistan,93.08945945945946
2022,Pakistan,74.98675675675676
2023,Pakistan,88.89756756756756
2024,Pakistan,113.25385964912282
1992,Russian Federation,12.550000000000002
1993,Russian Federation,-27.15294117647059
1994,Russian Federation,-13.166176470588235
1995,Russian Federation,9.540634920634922
1996,Russian Federation,-56.51358208955224
1997,Russian Federation,-2.5901515151515153
1998,Russian Federation,17.83712121212121
1999,Russian Federation,-4.796212121212121
2000,Russian Federation,15.3
2001,Russian Federation,-1.376619718309859
2002,Russian Federation,0.3921276595744692
2003,Russian Federation,5.5971232876712325
2004,Russian Federation,28.728680555555556
2005,Russian Federation,32.158307692307694
2006,Russian Federation,10.674166666666668
2007,Russian Federation,71.04567567567568
2008,Russian Federation,48.878691588785045
2009,Russian Federation,11.928979591836734
2010,Russian Federation,-8.342702702702702
2011,Russian Federation,49.92972602739726
2012,Russian Federation,68.91869565217392
2013,Russian Federation,2.663928571428571
2014,Russian Federation,14.080555555555556
2015,Russian Federation,96.02702702702703
2016,Russian Federation,54.26228571428572
2017,Russian Federation,88.47725490196079
2018,Russian Federation,48.998378378378376
2019,Russian Federation,76.13351351351352
2020,Russian Federation,123.20986486486487
2021,Russian Federation,73.83317567567568
2022,Russian Federation,101.08054421768708
2023,Russian Federation,101.23858108108108
2024,Russian Federation,84.51964912280701
1992,Thailand,15.65625
1993,Thailand,-16.11176470588235
1994,Thailand,-31.326470588235292
1995,Thailand,-5.165873015873015
1996,Thailand,0.9768656716417905
1997,Thailand,-41.54242424242425
1998,Thailand,-6.816666666666666
1999,Thailand,3.2696969696969695
2000,Thailand,12.45735294117647
2001,Thailand,14.317605633802817
2002,Thailand,-3.424642857142857
2003,Thailand,7.309448275862068
2004,Thailand,5.524055944055944
2005,Thailand,8.820692307692308
2006,Thailand,0.011388888888888497
2007,Thailand,9.591756756756757
2008,Thailand,46.70841121495327
2009,Thailand,31.809319727891157
2010,Thailand,52.37966216216216
2011,Thailand,38.185753424657534
2012,Thailand,55.085072463768114
2013,Thailand,59.413603603603605
2014,Thailand,44.5125
2015,Thailand,50.060810810810814
2016,Thailand,82.07135714285714
2017,Thailand,49.566764705882356
2018,Thailand,55.552837837837835
2019,Thailand,35.74743243243243
2020,Thailand,75.45082191780821
2021,Thailand,95.27337837837837
2022,Thailand,96.20716216216216
2023,Thailand,52.92337837837838
2024,Thailand,80.34350877192982
1992,Colombia,9.71875
1993,Colombia,-15.636764705882353
1994,Colombia,-4.027941176470588
1995,Colombia,-7.1443548387096785
1996,Colombia,-11.836764705882352
1997,Colombia,-1.3537878787878788
1998,Colombia,-5.15530303030303
1999,Colombia,-7.547727272727272
2000,Colombia,-10.023529411764706
2001,Colombia,8.903943661971832
2002,Colombia,17.402624113475177
2003,Colombia,27.726164383561645
2004,Colombia,10.990763888888889
2005,Colombia,8.885538461538463
2006,Colombia,12.550833333333333
2007,Colombia,18.892162162162162
2008,Colombia,24.445555555555554
2009,Colombia,12.42945205479452
2010,Colombia,23.698231292517004
2011,Colombia,18.541632653061225
2012,Colombia,35.531594202898546
2013,Colombia,30.60801801801802
2014,Colombia,49.586438356164386
2015,Colombia,63.56675675675675
2016,Colombia,65.07549999999999
2017,Colombia,46.885784313725495
2018,Colombia,58.27121621621621
2019,Colombia,74.33337837837838
2020,Colombia,72.69337837837838
2021,Colombia,69.87108108108109
2022,Colombia,80.89224489795919
2023,Colombia,89.85486486486487
2024,Colombia,76.20210526315789
1992,Afghanistan,-27.8
1993,Afghanistan,-1.7735294117647065
1994,Afghanistan,-1.0
1995,Afghanistan,3.8375000000000004
1996,Afghanistan,-6.553030303030303
1997,Afghanistan,11.501515151515152
1998,Afghanistan,3.550000000000001
1999,Afghanistan,-28.686363636363637
2000,Afghanistan,-19.738235294117647
2001,Afghanistan,-22.166666666666668
2002,Afghanistan,-8.410714285714286
2003,Afghanistan,7.326575342465754
2004,Afghanistan,1.55125
2005,Afghanistan,15.431384615384616
2006,Afghanistan,10.472777777777777
2007,Afghanistan,19.03891891891892
2008,Afghanistan,18.48075471698113
2009,Afghanistan,36.31767123287671
2010,Afghanistan,34.22581081081081
2011,Afghanistan,36.79164383561644
2012,Afghanistan,46.41608695652174
2013,Afghanistan,59.574107142857144
2014,Afghanistan,47.596111111111114
2015,Afghanistan,76.09108108108107
2016,Afghanistan,76.02228571428572
2017,Afghanistan,66.08921568627451
2018,Afghanistan,47.046216216216216
2019,Afghanistan,81.71108108108108
2020,Afghanistan,94.85972972972972
2021,Afghanistan,93.08945945945946
2022,Afghanistan,74.98675675675676
2023,Afghanistan,88.89756756756756
2024,Afghanistan,113.25385964912282
1992,Peru,-10.395
1993,Peru,-18.65529411764706
1994,Peru,-13.046470588235294
1995,Peru,-10.195806451612903
1996,Peru,-5.246470588235294
1997,Peru,2.3057575757575757
1998,Peru,-7.285151515151515
1999,Peru,-6.336666666666666
2000,Peru,0.8152941176470588
2001,Peru,7.091111111111111
2002,Peru,11.397857142857143
2003,Peru,10.047397260273973
2004,Peru,14.68375
2005,Peru,17.44030769230769
2006,Peru,19.445555555555554
2007,Peru,18.048108108108107
2008,Peru,20.125555555555554
2009,Peru,24.150000000000002
2010,Peru,19.986351351351352
2011,Peru,19.248630136986304
2012,Peru,32.71289855072464
2013,Peru,32.581607142857145
2014,Peru,41.44388888888889
2015,Peru,51.405675675675674
2016,Peru,55.39942857142857
2017,Peru,53.238627450980395
2018,Peru,58.59594594594595
2019,Peru,63.66891891891892
2020,Peru,64.04972972972973
2021,Peru,68.54635135135136
2022,Peru,68.2868918918919
2023,Peru,77.50851351351352
2024,Peru,74.85333333333334
1992,Canada,1.5116666666666667
1993,Canada,-18.135882352941177
1994,Canada,-13.522156862745097
1995,Canada,-6.630000000000001
1996,Canada,-6.5633333333333335
1997,Canada,-2.07040404040404
1998,Canada,-0.2209090909090909
1999,Canada,0.657878787878788
2000,Canada,4.704313725490196
2001,Canada,3.808301886792453
2002,Canada,7.722783018867925
2003,Canada,12.314155251141553
2004,Canada,13.300879629629629
2005,Canada,14.991897435897437
2006,Canada,18.409444444444446
2007,Canada,16.804864864864864
2008,Canada,25.42320987654321
2009,Canada,25.15590909090909
2010,Canada,17.324324324324323
2011,Canada,18.124566210045664
2012,Canada,35.20048309178744
2013,Canada,28.448452380952382
2014,Canada,36.92759259259259
2015,Canada,47.05279279279279
2016,Canada,52.452238095238094
2017,Canada,51.7137908496732
2018,Canada,61.64765765765766
2019,Canada,67.7927027027027
2020,Canada,68.2463963963964
2021,Canada,72.95270270270271
2022,Canada,75.32330316742082
2023,Canada,81.84144144144143
2024,Canada,75.36871345029239
1992,Haiti,11.2675
1993,Haiti,-15.53470588235294
1994,Haiti,-4.984705882352941
1995,Haiti,-6.142580645161291
1996,Haiti,-12.774411764705881
1997,Haiti,-4.6896969696969695
1998,Haiti,-1.2578787878787878
1999,Haiti,-5.988181818181818
2000,Haiti,-11.331764705882351
2001,Haiti,6.938571428571429
2002,Haiti,14.325774647887323
2003,Haiti,30.557123287671235
2004,Haiti,10.955416666666666
2005,Haiti,9.440461538461538
2006,Haiti,12.98388888888889
2007,Haiti,19.72
2008,Haiti,26.273518518518518
2009,Haiti,13.972517006802722
2010,Haiti,27.902448979591835
2011,Haiti,22.91877551020408
2012,Haiti,37.05420289855072
2013,Haiti,32.770900900900905
2014,Haiti,48.340958904109584
2015,Haiti,61.38108108108108
2016,Haiti,62.38992857142857
2017,Haiti,47.54029411764706
2018,Haiti,59.13932432432433
2019,Haiti,76.95283783783785
2020,Haiti,74.32513513513514
2021,Haiti,72.31398648648648
2022,Haiti,83.44496598639455
2023,Haiti,91.72817567567567
2024,Haiti,77.51587719298246
1992,Iran,42.405
1993,Iran,-19.502352941176472
1994,Iran,1.2064705882352946
1995,Iran,-1.20125
1996,Iran,7.701212121212122
1997,Iran,7.370909090909091
1998,Iran,13.26787878787879
1999,Iran,4.461818181818182
2000,Iran,-14.237647058823528
2001,Iran,-18.372941176470587
2002,Iran,-7.63056338028169
2003,Iran,-11.995492957746478
2004,Iran,6.9693055555555565
2005,Iran,-10.153384615384615
2006,Iran,-7.416111111111111
2007,Iran,28.429459459459462
2008,Iran,36.52735849056604
2009,Iran,25.44861111111111
2010,Iran,62.807297297297296
2011,Iran,45.65712328767123
2012,Iran,46.35029411764706
2013,Iran,47.87301886792453
2014,Iran,57.08611111111111
2015,Iran,95.45
2016,Iran,65.3408695652174
2017,Iran,57.64288461538461
2018,Iran,52.56702702702703
2019,Iran,103.15081081081081
2020,Iran,126.89638888888888
2021,Iran,134.30905405405406
2022,Iran,98.93202702702703
2023,Iran,99.2077027027027
2024,Iran,93.99368421052633
1992,Italy,44.4425
1993,Italy,-30.140588235294118
1994,Italy,-13.090588235294117
1995,Italy,-10.057500000000001
1996,Italy,12.807272727272727
1997,Italy,10.586060606060608
1998,Italy,2.7254545454545465
1999,Italy,2.9890909090909092
2000,Italy,1.8888235294117646
2001,Italy,3.7105555555555565
2002,Italy,14.935714285714285
2003,Italy,4.439178082191781
2004,Italy,10.885833333333332
2005,Italy,-2.6427692307692308
2006,Italy,9.467777777777776
2007,Italy,-0.5681081081081076
2008,Italy,27.654716981132076
2009,Italy,19.33958904109589
2010,Italy,57.285540540540545
2011,Italy,14.475205479452056
2012,Italy,28.70623188405797
2013,Italy,27.714464285714286
2014,Italy,38.27222222222222
2015,Italy,19.29054054054054
2016,Italy,46.40385714285714
2017,Italy,20.31921568627451
2018,Italy,64.77783783783784
2019,Italy,51.02108108108108
2020,Italy,65.20891891891893
2021,Italy,60.00554054054054
2022,Italy,59.874931506849315
2023,Italy,87.48391891891893
2024,Italy,86.94385964912281
1992,Sri Lanka,-18.35
1993,Sri Lanka,-18.83235294117647
1994,Sri Lanka,-16.008823529411764
1995,Sri Lanka,-9.985483870967743
1996,Sri Lanka,-9.564705882352941
1997,Sri Lanka,-5.368181818181818
1998,Sri Lanka,3.1015151515151516
1999,Sri Lanka,-5.322727272727273
2000,Sri Lanka,-3.688235294117647
2001,Sri Lanka,3.5277777777777777
2002,Sri Lanka,5.142857142857143
2003,Sri Lanka,8.065068493150685
2004,Sri Lanka,8.163888888888888
2005,Sri Lanka,10.473076923076922
2006,Sri Lanka,18.727777777777778
2007,Sri Lanka,22.81756756756757
2008,Sri Lanka,29.817777777777778
2009,Sri Lanka,28.7904054054054
2010,Sri Lanka,39.17148648648649
2011,Sri Lanka,36.10739726027398
2012,Sri Lanka,45.14550724637681
2013,Sri Lanka,44.75696428571428
2014,Sri Lanka,45.41166666666666
2015,Sri Lanka,55.452432432432424
2016,Sri Lanka,47.31814285714286
2017,Sri Lanka,51.10294117647059
2018,Sri Lanka,51.807297297297296
2019,Sri Lanka,62.028918918918926
2020,Sri Lanka,65.06378378378379
2021,Sri Lanka,63.14689189189189
2022,Sri Lanka,72.7577027027027
2023,Sri Lanka,78.42121621621622
2024,Sri Lanka,90.39052631578947
1992,South Africa,-15.903333333333334
1993,South Africa,-19.528823529411767
1994,South Africa,-16.036666666666665
1995,South Africa,-10.004408602150537
1996,South Africa,-8.62392156862745
1997,South Africa,-3.431616161616162
1998,South Africa,0.8491919191919192
1999,South Africa,-2.9255555555555555
2000,South Africa,-0.7337254901960784
2001,South Africa,5.229906542056075
2002,South Africa,5.719620853080568
2003,South Africa,10.78041095890411
2004,South Africa,12.075555555555557
2005,South Africa,15.414820512820512
2006,South Africa,19.019074074074073
2007,South Africa,20.502432432432432
2008,South Africa,24.08641975308642
2009,South Africa,26.11725225225225
2010,South Africa,31.776711711711712
2011,South Africa,30.628858447488586
2012,South Africa,38.689275362318845
2013,South Africa,42.20267857142857
2014,South Africa,42.00074074074074
2015,South Africa,51.206846846846844
2016,South Africa,49.417857142857144
2017,South Africa,55.29235294117647
2018,South Africa,55.967657657657654
2019,South Africa,64.18477477477478
2020,South Africa,64.7718018018018
2021,South Africa,67.8681981981982
2022,South Africa,72.50693693693694
2023,South Africa,78.45108108108109
2024,South Africa,82.0946783625731
1992,Argentina,-7.2975
1993,Argentina,-18.451176470588237
1994,Argentina,-14.959999999999999
1995,Argentina,-8.19225806451613
1996,Argentina,-7.121764705882353
1997,Argentina,-4.366060606060605
1998,Argentina,0.5096969696969698
1999,Argentina,-3.2175757575757578
2000,Argentina,-1.8011764705882352
2001,Argentina,3.1085714285714285
2002,Argentina,5.328732394366197
2003,Argentina,15.70931506849315
2004,Argentina,14.613055555555556
2005,Argentina,18.550153846153847
2006,Argentina,20.311666666666667
2007,Argentina,19.703783783783784
2008,Argentina,23.78148148148148
2009,Argentina,27.056891891891894
2010,Argentina,28.337972972972977
2011,Argentina,28.06287671232877
2012,Argentina,35.75811594202899
2013,Argentina,36.86875
2014,Argentina,38.91833333333333
2015,Argentina,47.034324324324324
2016,Argentina,50.028285714285715
2017,Argentina,54.54764705882353
2018,Argentina,60.33216216216216
2019,Argentina,68.90783783783785
2020,Argentina,67.31324324324325
2021,Argentina,73.43216216216216
2022,Argentina,73.35783783783783
2023,Argentina,81.25513513513513
2024,Argentina,77.48087719298245
1992,Korea,14.004999999999999
1993,Korea,-33.861176470588234
1994,Korea,-7.619999999999999
1995,Korea,-30.776451612903223
1996,Korea,-17.93764705882353
1997,Korea,-6.154848484848484
1998,Korea,12.466363636363637
1999,Korea,14.145151515151518
2000,Korea,11.69764705882353
2001,Korea,25.22714285714286
2002,Korea,17.058169014084505
2003,Korea,18.53958904109589
2004,Korea,21.0675
2005,Korea,-5.976153846153846
2006,Korea,27.882777777777775
2007,Korea,14.924444444444447
2008,Korea,34.87555555555556
2009,Korea,21.45794520547945
2010,Korea,20.925135135135136
2011,Korea,8.351095890410958
2012,Korea,60.12764705882353
2013,Korea,17.019454545454547
2014,Korea,47.122972972972974
2015,Korea,40.01756756756757
2016,Korea,74.51811594202898
2017,Korea,39.597058823529416
2018,Korea,50.99054054054054
2019,Korea,70.77162162162162
2020,Korea,81.44027027027028
2021,Korea,83.1781081081081
2022,Korea,82.18534246575342
2023,Korea,77.45243243243243
2024,Korea,82.61000000000001
1992,Nepal,-8.2825
1993,Nepal,-14.415588235294118
1994,Nepal,-18.461176470588235
1995,Nepal,-4.3100000000000005
1996,Nepal,-3.0562686567164175
1997,Nepal,-16.098787878787878
1998,Nepal,-3.723030303030303
1999,Nepal,-5.426060606060606
2000,Nepal,4.088823529411764
2001,Nepal,2.870277777777778
2002,Nepal,-1.1278571428571431
2003,Nepal,4.558767123287671
2004,Nepal,6.170277777777778
2005,Nepal,14.164615384615386
2006,Nepal,9.023055555555555
2007,Nepal,9.205675675675677
2008,Nepal,33.72401869158878
2009,Nepal,27.502260273972603
2010,Nepal,45.432094594594595
2011,Nepal,42.233493150684936
2012,Nepal,45.26702898550725
2013,Nepal,53.46133928571429
2014,Nepal,44.59777777777778
2015,Nepal,60.5004054054054
2016,Nepal,73.17535714285714
2017,Nepal,56.49450980392157
2018,Nepal,50.00243243243243
2019,Nepal,53.936216216216216
2020,Nepal,75.94837837837838
2021,Nepal,95.11662162162162
2022,Nepal,88.6587074829932
2023,Nepal,65.18148648648649
2024,Nepal,81.68377192982457
1992,United Kingdom,10.556249999999999
1993,United Kingdom,-15.59705882352941
1994,United Kingdom,-16.772058823529413
1995,United Kingdom,-2.3958730158730153
1996,United Kingdom,-20.64417910447761
1997,United Kingdom,2.307575757575757
1998,United Kingdom,4.0651515151515145
1999,United Kingdom,-2.501515151515151
2000,United Kingdom,-4.894117647058825
2001,United Kingdom,4.242857142857143
2002,United Kingdom,8.505281690140846
2003,United Kingdom,27.955
2004,United Kingdom,16.25923611111111
2005,United Kingdom,15.140230769230769
2006,United Kingdom,19.88111111111111
2007,United Kingdom,30.659864864864865
2008,United Kingdom,21.90177570093458
2009,United Kingdom,18.097551020408165
2010,United Kingdom,15.281904761904762
2011,United Kingdom,32.750952380952384
2012,United Kingdom,24.63231884057971
2013,United Kingdom,18.57945945945946
2014,United Kingdom,29.089444444444446
2015,United Kingdom,53.274054054054055
2016,United Kingdom,56.25414285714286
2017,United Kingdom,62.7643137254902
2018,United Kingdom,55.78513513513514
2019,United Kingdom,69.27162162162162
2020,United Kingdom,78.61635135135134
2021,United Kingdom,73.06668918918918
2022,United Kingdom,91.61727891156463
2023,United Kingdom,92.73425675675676
2024,United Kingdom,84.52570175438596
1992,Spain,18.572499999999998
1993,Spain,-24.295882352941174
1994,Spain,-14.025294117647057
1995,Spain,-9.139682539682541
1996,Spain,2.6940298507462686
1997,Spain,3.110000000000001
1998,Spain,1.617575757575758
1999,Spain,-0.11424242424242434
2000,Spain,0.04382352941176508
2001,Spain,3.4138028169014087
2002,Spain,10.098156028368793
2003,Spain,10.074246575342467
2004,Spain,12.749444444444444
2005,Spain,7.953692307692307
2006,Spain,14.889722222222222
2007,Spain,9.567837837837837
2008,Spain,25.7
2009,Spain,23.224489795918366
2010,Spain,42.81175675675676
2011,Spain,21.26904109589041
2012,Spain,32.232173913043475
2013,Spain,32.29160714285714
2014,Spain,38.59527777777778
2015,Spain,33.16243243243243
2016,Spain,48.21607142857143
2017,Spain,37.43343137254902
2018,Spain,62.55499999999999
2019,Spain,59.964459459459455
2020,Spain,66.26108108108107
2021,Spain,66.71885135135135
2022,Spain,66.66224489795918
2023,Spain,84.36952702702703
2024,Spain,82.21236842105263
1992,Malaysia,22.13
1993,Malaysia,-24.473921568627453
1994,Malaysia,-32.92294117647059
1995,Malaysia,-11.43255319148936
1996,Malaysia,-3.561287128712872
1997,Malaysia,-34.38010101010101
1998,Malaysia,-9.57
1999,Malaysia,9.544141414141414
2000,Malaysia,15.929019607843138
2001,Malaysia,20.09803738317757
2002,Malaysia,0.19142857142857117
2003,Malaysia,11.393256880733945
2004,Malaysia,4.258651162790698
2005,Malaysia,-1.0126666666666668
2006,Malaysia,5.712777777777778
2007,Malaysia,9.988378378378378
2008,Malaysia,50.829125
2009,Malaysia,37.65420814479638
2010,Malaysia,56.77567567567568
2011,Malaysia,44.536849315068494
2012,Malaysia,60.621980676328505
2013,Malaysia,62.73676646706588
2014,Malaysia,44.59
2015,Malaysia,43.74855855855856
2016,Malaysia,69.29790476190476
2017,Malaysia,56.65627450980392
2018,Malaysia,53.88135135135135
2019,Malaysia,42.82639639639639
2020,Malaysia,76.59772727272727
2021,Malaysia,93.84972972972973
2022,Malaysia,104.43711711711713
2023,Malaysia,66.76594594594594
2024,Malaysia,76.89959064327485
